_id,examples[0],examples[1],examples[2],examples[3],examples[4],examples[5],examples[6],examples[7],response[0],response[1],response[2],response[3],updated_at,created_at
650ac3df600d9900a59954bc,KSK01 in không ra dữ liệu NB,KSK01 in không ra dữ liệu NB,,,,,,,"Bước 1: Xin tiêu chí in\nBước 2: Hợp đồng in không ra NB thì vào màn hình danh sách người bệnh đã tiếp đón --> Tìm theo công ty xem công ty đó đã được Tiếp đón KSK hay chưa?\n'+ Nếu chưa thì không lên báo cáo KSK --> Cần báo người dùng tiếp nhận lại\n+ Nếu rồi, vào màn hình Hồ sơ bệnh án check tiếp",,,,2023-10-07T19:18:15.184Z,
650ac3df600d9900a59954bd,Màn hình khám bệnh không hiển thị các chuyên khoa khám,Màn hình khám bệnh không hiển thị chuyên khoa khám,,,,,,,1/ Màn hình Danh sách NB đã tiếp đón: Kiểm tra xem NB đã có dịch vụ khám hay không? Nếu có thì kiểm tra trạng thái Tiếp đón KSK= Đã tiếp đón KSK hay chưa? --> Nếu chưa thì tiếp nhận. Nếu rồi set tới case bên dưới\n2/ Kiểm tra tài khoản đã được gán các chuyên khoa theo mã giá trị trong các thiết lập chung có key Chuyen_khoa hay chưa?\n3/ Kiểm tra xem dịch vụ khám trong danh mục dịch vụ khám bệnh đã được gán các chuyên khoa KSK hay chưa,,,,2023-10-07T18:48:51.780Z,
650ac3df600d9900a59954be,Không tìm thấy NB để tiếp nhận lấy mẫu,Không thể tìm thấy NB để tiếp nhận lấy mẫu,,,,,,,"1/ Xin thời gian GET chỉ định mà người dùng báo --> Kiểm tra thời gian thực hiện (thời gian thực hiện) của dịch vụ tại màn hình Hồ sơ bệnh án, nhấn icon con mắt để xem, xem đã thỏa mãn thời gian LIS GET chưa?\n(1.1) Nếu chưa thì báo lại thời gian đúng\n(1.2) Nếu rồi check tiếp tới case: danh mục dịch vụ đã được thiết lập đơn vị kết nối chưa? Nếu thiết lập rồi thì check tiếp Phòng thực hiện của dịch vụ có được thiết lập Ngoại viện= true hay False --> true thì mặc định k hiển thị (cần đổi lại thiết lập và tác động sửa phòng thực hiện để ăn theo thiết lập mới), fasle thì sẽ hiển thị bên LIS\n+ Nếu đúng hết (1.1), (1.2) thì báo lại phía ISOFH check lại",,,,,
650ac3df600d9900a59954bf,Không thấy id bản ghi dịch vụ để trả kết quả,Không thấy id của bản ghi dịch vụ để trả kết quả ,,,,,,,Xử lý: xin bản tin GET chỉ định của LIS và response trả về xem lúc đầu GET thì respone trả về sao\nNguyên nhân chính: Do lúc GET chỉ định bên LIS trạng thái thanh toán dịch vụ của HIS= Chưa thanh toán --> người dùng có thể xóa chỉ định và chỉ định lại dịch vụ đó thì id bản ghi xét nghiệm đã bị thay đổi khi trả kết quả sẽ không tìm thấy để trả (ISOFH đã giải thích với phía PK),,,,,
650ac3df600d9900a59954c0,Trường hợp LIS trả thiếu KQ cho HIS với dịch vụ FOBT,LIS trả thiếu KQ cho HIS với dịch vụ FOBT,,,,,,,Nguyên nhân: do LIS set thiếu trạng thái dịch vụ nên bị trả thiếu\nGiải pháp: LIS map lại KQ trả\nTrạng thái: LIS đã hoàn thành xử lý,,,,,
650ac3df600d9900a59954c1,Trả thiếu kết quả cho NB không phải FOBT,Trả thiếu cho NB không phải FOBT,,,,,,,Nguyên nhân: do cấu trúc bản tin có kí tự enter bên LIS convert lại nên bị ảnh hưởng tới rớt 1 số gói tin khi cập nhật kết quả sang HIS,,,,,
650ac3df600d9900a59954c2,Khi tiếp nhận từ màn hình Tiếp nhận --> không đẩy NB sang PACS,Tiếp nhận từ màn hình Tiếp nhận --> không đẩy NB sang PACS,,,,,,,Giải pháp: màn hình Tiếp nhận --> tìm NB và nhấn button hủy tiếp nhận --> Tiếp nhận lại,,,,,
650ac3df600d9900a59954c3,Trường hợp trả kết quả từ PACS - HIS --> hệ thống PACS báo: Finalize trên PACS rồi nhưng HIS chưa nhận được kết quả,Trả kết quả từ PACS - HIS --> hệ thống PACS báo: Finalize trên PACS rồi nhưng HIS chưa nhận được kết quả,,,,,,,"Xử lý: Phía PK trao đổi trên group chung: Mirai Clinic HIS-RIS-PACS để 2 bên HIS, PACS nắm được thông tin hỗ trợ\nChi tiết: khi HIS, PACS nhận thông tin cần làm rõ:\nVới HIS: xin bản tin và reponse khi PACS trả kết quả thành công để check lại\nVới PACS: cung cấp bản tin,reposne kèm thời gian trả kết quả để HIS check log bên HIS\nSau khi hoàn thành: báo lại kết quả cho phía PK",,,,,
650ac3df600d9900a59954c4,Trường hợp trả kết quả từ PACS - HIS --> hệ thống báo lỗi: dịch vụ ở trạng thái chờ hoàn/ đã hoàn,Trả kết quả từ PACS - HIS --> hệ thống báo lỗi: dịch vụ ở trạng thái chờ hoàn/ đã hoàn,,,,,,,Nguyên nhân: do người dùng bị tích nhầm icon Không thực hiện ở màn hình Hồ sơ bệnh án tab DVKT --> trạng thái thanh toán đổi từ Thường => Không thực hiện\nnên PACS trả kết quả sang HIS thì báo lỗi\nXử lý: báo dev đổi lại trạng thái = Thường để trả KQ quả khách\nHiện trạng: đã phân lại chỉ để quản trị hệ thống mới có quyền xác nhận Không thực hiện --> đã không còn lỗi trả KQ như thông báo với trường hợp trạng thái thanh toán= Không thực hiện,,,,,
650ac3df600d9900a59954c5,Có NB Không in ra giấy ksk form A3,Có NB Không in ra giấy ksk form A3,,,,,,,Kiểm tra xem NB có dưới 18 tuổi không? vì người bệnh dưới 18 tuổi thì chỉ có 1 form A4.\nCòn trên 18 tuổi thì mới đc lựa chọn form in: a3 hoặc a4,,,,,
650ac3df600d9900a59954c6,Sửa đổi thông tin thanh toán dịch vụ ngoài hợp đồng từ Thanh toán theo hợp đồng thành Tự thanh toán và đã tồn tại dịch vụ chỉ định cho NB,Đổi thông tin thanh toán dịch vụ ngoài hợp đồng từ Thanh toán theo hợp đồng thành Tự thanh toán và đã tồn tại dịch vụ chỉ định cho NB,,,,,,,"Các bước xử lý:\n1/ Vào danh sách hợp đồng --> tab Danh sách Người bệnh, vào chi tiết Nb đổi dữ liệu của cột: Hình thức thanh toán dịch vụ ngoài hợp đồng từ thanh toán theo hợp đồng thành Tự thanh toán\n2/ Màn hình: Danh sách người bệnh đã tiếp đón, tìm NB --> vào chi tiết NB --> nhấn button Sửa: tích tự trả cho những dịch vụ chỉ định ngoài hợp đồng --> nhấn button Lưu\nMục đích của bước (2) để hệ thống sinh được phiếu thu thanh toán ở màn hình Danh sách phiếu thu",,,,,
650ac3df600d9900a59954c7,Với khách được hẹn khám định kỳ (không phải khách chưa sử dụng hết dịch vụ trong gói khám) --> muốn kết quả hiển thị theo từng ngày khám,Với khách được hẹn khám định kỳ (không phải khách chưa sử dụng hết dịch vụ trong gói khám) --> muốn kết quả hiển thị theo từng ngày khám,,,,,,,Cần đẩy lệnh khám mới từ CRM để sinh mã hồ sơ mới (sử dụng chung mã NB),,,,,
650ac3df600d9900a59954c8,"Không tìm thấy mẫu kết quả chẩn đoán hình ảnh, thăm dò chức năng để chọn mẫu cho khách hàng trong màn hình Tiếp nhận","Không tìm thấy mẫu kết quả chẩn đoán hình ảnh, thăm dò chức năng để chọn mẫu cho khách hàng trong màn hình Tiếp nhận",,,,,,,"1/ Trường hợp đã tồn tại sẵn mẫu kết quả trong danh mục Mẫu kết quả Chẩn đoán hình ảnh và thăm dò chức năng: trường Tên dịch vụ, thêm tên dịch vụ cần gán mẫu kết quả có sẵn đó\n+ Nếu thêm dịch vụ cho mẫu KQ rồi, người dùng cần nhấn vào icon ? (bên trên tay phải màn hình, nhấn ĐỒng bộ danh mục --> vào lại khách và add mẫu kết quả cho khách\n\n2/ Trường hợp chưa có mẫu kết quả của dịch vụ trong danh mục Mẫu kết quả Chẩn đoán hình ảnh và thăm dò chức năng --> Cần nhấn Thêm mới mẫu kết quả, điền thông tin: Tên mẫu+, mã+, thông tin KQ, KL, Cách thức can thiệp, phương thức can thiệp, Tên dịch vụ+",,,,,
650ac3df600d9900a59954c9,Vào hệ thống báo lỗi sai mật khẩu/ không nhớ mật khẩu,Vào hệ thống báo lỗi sai mật khẩu/ không nhớ mật khẩu,,,,,,,NSD: Liên hệ Phòng CNTT/ Bộ phận phụ trách để xử lý\nPhòng CNTT:\n1. Vào Quản trị tài khoản\n2. Tìm kiếm và chọn tài khoản cần xử lý\n3. Bấm chọn Reset mật khẩu ở cột Thao tác\n=> Hệ thống sẽ reset mật khẩu mặc định của NSD về 123456,,,,,
650ac3df600d9900a59954ca,Tool hiện tại đang báo lỗi do không có quyền truy cập vào ổ C-> không thể cài đặt lại tool trong ổ C,Tool hiện tại đang báo lỗi do không có quyền truy cập vào ổ C-> không thể cài đặt lại tool trong ổ C,,,,,,,Nguyên nhân là do máy tính có phần mềm Antivirus-> Phần mềm diệt virus đang mặc định rằng ISOFHTool là phần mềm không an toàn nên tự động xóa đi file cài => Không dùng được LCD + Không in nhanh được\n\nXử lý:\n1.Tìm kiếm phần mềm antivirus\n2.Chỉnh lại phần mềm Antivirus cho phép không scan vào File ISOFHTool,,,,,
650ac3df600d9900a59954cb,Màn hình LCD sau khi đổi thông tin vẫn  không thay đổi được,Màn hình LCD sau khi đổi thông tin vẫn  không thay đổi được,,,,,,,Nguyên nhân: Do URL của tool và Shortcut ở ngoài màn hình không trùng với nhau\nXử lý:\n1.Vào tool xem URL là gì\n2.Copy lại URL xong tool và paste vào trang web\n3.Xóa đi cái Shortcut cũ và tạo Shortcut mới cho máy tính,,,,,
650ac3df600d9900a59954cc,"Màn hình khám bệnh trắng xóa,không hiển thị gì cả","Màn hình khám bệnh trắng xóa,không hiển thị gì cả",,,,,,,Xử lý:\n1.Mở Isoft tools\n2.Ấn nút lưu,,,,,
650ac3df600d9900a59954cd,"Bấm in ""Phiếu nhập viện"" => báo không có bản ghi ID.\nLà do hệ thống không lưu được Khoa nhập viện của NB","Bấm in ""Phiếu nhập viện"" => báo không có bản ghi ID.\nLà do hệ thống không lưu được Khoa nhập viện của NB",,,,,,,"Xử lý:\nTạm thời, khi gặp trường hợp này.\n1. Thoát trang hoặc Ctrl F5\n2. Chọn lại NB đó\n3. Nhập khoa nhập viện\n4. Lưu\n5. In lại phiếu nhập viện",,,,,
650ac3df600d9900a59954ce,Tình huống người bệnh khi khám xong mà không kết thúc khám được nguyên nhân là do có 1 hoặc nhiều dịch vụ chưa hoàn thành mà lại đi thanh toán và xuất hóa đơn,Tình huống người bệnh khi khám xong mà không kết thúc khám được nguyên nhân là do có 1 hoặc nhiều dịch vụ chưa hoàn thành mà lại đi thanh toán và xuất hóa đơn,,,,,,,"Xử lý\nTrường hợp chưa thanh toán:\n1.Đầu tiên gọi xuống phòng chỉ định dịch vụ đó yêu cầu hủy tiếp đón dịch vụ ấy đi\n2.Sau khi hủy tiếp đón thì dịch vụ sẽ rơi vào trạng thái chờ tiếp đón,lúc này mình có thể xóa chỉ định dịch vụ\nTrường hợp đã thanh toán:\n1.Đầu tiên gọi cho phòng thu thí chọn hủy thanh toán đi\n2.Trường hợp người bệnh đã tiếp nhận thì thực hiện thao tác như các bước trên và thanh toán lại\n3.Trường hợp người bệnh chưa được tiếp nhận vào phòng khám,hủy thanh toán ->hủy dịch vụ rồi thanh toán lại\nHiện tại trường hợp ca LÊ KHẢ NHƯ\nMã hồ sơ:\n2306080067\nMã NB:\n2306006611\nĐang bị kẹt nguyên nhân là do bác sĩ quên xóa chỉ định ấy đi và đã thanh toán,người bệnh đã về.",,,,,
650ac3df600d9900a59954cf,Không lưu được chẩn đoán dẫn đến không chỉ định được DVKT || Không kê đơn thuốc được,Không lưu được chẩn đoán dẫn đến không chỉ định được DVKT || Không kê đơn thuốc được,,,,,,,Có 2 trường hợp\n+ TH 1: Chưa tick không tính tiền (Bảo hiểm quốc tế) => Điều hành tick 'Không tính tiền' là OK\n+ TH2: Bác sĩ lập bệnh án ngoài trú dài hạn\n1. Kiểm tra khoa điều trị dài hạn: Chọn Khoa khám bệnh mới đúng\n2. Kiểm tra bác sĩ nhập chẩn đoán bệnh chưa !!,,,,,
650ac3df600d9900a59954d0,"Khi chuyển Phòng thực hiện, ví dụ NB01 được chỉ định khám S8, tuy nhiên bác sĩ S8 bận, chuyển NB sang khám S5. Lúc này bác sĩ thực hiện vào Tiện ích => chọn Đổi phòng thực hiện. Vì vậy dẫn tới việc gọi số bị nhảy sai. ","Khi chuyển Phòng thực hiện, ví dụ NB01 được chỉ định khám S8, tuy nhiên bác sĩ S8 bận, chuyển NB sang khám S5. Lúc này bác sĩ thực hiện vào Tiện ích => chọn Đổi phòng thực hiện. Vì vậy dẫn tới việc gọi số bị nhảy sai. ",,,,,,,"Cách xử lý:\n1.Ấn vào tiện ích khác,chọn hủy khám(Bỏi vì khi gọi vào rồi thì người sẽ chuyển từ trạng thái đang khám,nên mình phải hủy khám để NB chuyển sang trạng khái chờ khám)\n2.Chọn tiện íchh khác,đổi phòng thực hiện hoặc nhờ điều hành chuyển phòng dùm",,,,,
650ac3df600d9900a59954d1,"Trường hợp tick ""Không tính tiền"" tại màn hình quản lý tiếp đón bấm lưu rồi nhưng không lưu được.","Trường hợp tick ""Không tính tiền"" tại màn hình quản lý tiếp đón bấm lưu rồi nhưng không lưu được.",,,,,,,Cách xử lý:\n1. Kiểm tra lại xem là Không tính tiền đang là dịch vụ hay vật tư\n2. Nếu là Vật tư => Dô Khám Bệnh => Vật tư => Bút chì thần thánh => Nhấn không tính tiền => Lưu,,,,,
650ac3df600d9900a59954d2,Đổi phòng khám cho NB đã nhập khoa nội trú\n( chưa lập bệnh án),Đổi phòng khám cho NB đã nhập khoa nội trú\n( chưa lập bệnh án),,,,,,,1. Vào màn hình Khám bệnh tìm tên NB\n2. Huỷ kết luận\n3. Xoá khoa nhận viện\n4. Tiện ích khác: Huỷ khám-> Đổi phòng thực hiện,,,,,
650ac3df600d9900a59954d3,In biên bản hội chẩn trong Module khám bệnh,In biên bản hội chẩn trong Module khám bệnh,,,,,,,1.Chọn tiện ích khác\n2.Chọn hội chẩn\n3.Chọn tạo hội chẩn mới\n4.Nhập thông tin\n5.Ấn nút lưu\n6.Ấn nút in,,,,,
650ac3df600d9900a59954d4,Kiểm tra máy in phòng V10 (Máy in gốc đang bị ofline nên phải chỉnh qua mấy in phụ(Coppy) để cho lệnh in in qua máy đó),Kiểm tra máy in phòng V10 (Máy in gốc đang bị ofline nên phải chỉnh qua mấy in phụ(Coppy) để cho lệnh in in qua máy đó),,,,,,,1.Kiểm tra xem máy in đang của máy hiện giờ tên gì\n2.Vào danh mục máy in setting lại khổ lấy cho đúng với định dạng\n3.Đồng bộ dữ liệu,,,,,
650ac3df600d9900a59954d5,Chỉ định bộ DVKT báo lỗi thiếu bản ghi ID các DV trong gói,Chỉ định bộ DVKT báo lỗi thiếu bản ghi ID các DV trong gói,,,,,,,Trường hợp xảy ra khi trước đó NB đăng ký gói khám A sau đó đổi qua gói khám B nhưng hệ thống không cập nhật dữ liệu=> Bác sĩ chỉ định bộ DVKT của gói khám B thì hệ thống sẽ báo lỗi\nHướng giải quyết\n1. Vào DS đã tiếp đón kiểm tra lại xem NB đang được đăng ký gói nào\n2. Ctrl F5 để load lại dữ liệu ,,,,,
650ac3df600d9900a59954d6,Chỉnh sửa số ngày cho đơn thuốc của 1 thuốc đơn thuốc,Chỉnh sửa số ngày cho đơn thuốc của 1 thuốc đơn thuốc,,,,,,,Bác sĩ cho số ngày đơn thuốc là 30 ngày nhưng trong đó có 1 loại thuốc chỉ cần uống 5 ngày\nHướng giải quyết:\n1. Kê hết đơn thuốc như bình thường => Lưu đơn thuốc\n2. Nhấn vào cây bút chỉnh sửa line thuốc muốn chỉnh sửa\n3. Chỉnh sửa số ngày kê đơn tại trường thông tin 'Số ngày'\n4. Lưu,,,,,
650ac3df600d9900a59954d7,"Đóng hồ sơ không được,báo là chưa có hướng điều trị","Đóng hồ sơ không được,báo là chưa có hướng điều trị",,,,,,,1.Vào mục KẾT LUẬN KHÁM hoặc ấn F11\n2.Ấn đóng hồ sơ.,,,,,
650ac3df600d9900a59954d8,Không bỏ qua NB được.\nTrường hợp NB đăng ký khám qua app BVNDTP (Nhận biết NB Đk qua app là giờ đăng ký thường là lúc 0h) mà không thực hiện khám,Không bỏ qua NB được.\nTrường hợp NB đăng ký khám qua app BVNDTP (Nhận biết NB Đk qua app là giờ đăng ký thường là lúc 0h) mà không thực hiện khám,,,,,,,Hiện tại HIS ràng buộc phải đóng tạm ứng mới thao tác được thì đối với trường hợp này      \n1. Tick không tính tiền\n2. Vào MH Khám bệnh ấn 'Bỏ qua'\nHoặc nếu NB không khám\n=> Vào DS đã tiếp đón xóa luôn công khám\n=> Hủy tiếp đón NB,,,,,
650ac3df600d9900a59954d9,"Không xóa được chỉ định XN, phần mềm báo lỗi ""Không xóa được DV đã ở trạng thái Chờ lấy mẫu""","Không xóa được chỉ định XN, phần mềm báo lỗi ""Không xóa được DV đã ở trạng thái Chờ lấy mẫu""",,,,,,,Hiện tại: trên HIS nếu bác sĩ cho chỉ định xét nghiệm liên quan đến máu thì sau khi chỉ định trạng thái DV sẽ ở trạng thái 'Chờ lấy mẫu' vì vậy muốn xóa sẽ không xóa được.\nXử lý:\n1. Vào module Xét nghiệm trên HIS\n2. Xác nhận lấy mẫu\n3. Hủy lấy mẫu\n4. Vào MH Khám bệnh xóa chỉ định,,,,,
650ac3df600d9900a59954da,"Không lưu được phiếu Chỉ định nhập viện, phần mềm báo ""Thiếu bản ghi ID""","Không lưu được phiếu Chỉ định nhập viện, phần mềm báo ""Thiếu bản ghi ID""",,,,,,,Trường hợp này là do bác sĩ không nhập Khoa chỉ định nhập viện.\nXử lý:\nVào mục Kết luận khám => Kéo xuống dòng Khoa chỉ định nhập viện => Chọn Khoa => Ấn Lưu => In phiếu chỉ định nhập viện,,,,,
650ac3df600d9900a59954db,"Đối với dịch vụ Siêu Âm Dopler Tim,Van tim. Không tìm thấy dịch vụ bệnh nhân trong phần mềm đọc kết quả (PACS)","Đối với dịch vụ Siêu Âm Dopler Tim,Van tim. Không tìm thấy dịch vụ bệnh nhân trong phần mềm đọc kết quả (PACS)",,,,,,,Xử lý :\n1. Tìm kiếm người bệnh.\n2. Click vào xem chi tiết dịch vụ.\n3. Đưa dịch vụ về phòng Siêu âm (SA).,,,,,
650ac3df600d9900a59954dc,Đối với trường hợp không thể hủy tiếp nhận dịch vụ X-quang\n( Lý do : Vì hiện tại các dịch vụ X-quang đang mặc định tự kê Vật tư Phim Laser nên không thể hủy ),Đối với trường hợp không thể hủy tiếp nhận dịch vụ X-quang\n( Lý do : Vì hiện tại các dịch vụ X-quang đang mặc định tự kê Vật tư Phim Laser nên không thể hủy ),,,,,,,Xử lý :\n1. Tìm kiếm dịch vụ người bệnh.\n2. Click vào xem chi tiết dịch vụ.\n3. Chọn mục Vật tư.\n4. Xóa Vật tư đã kê.\n5. Hủy tiếp nhận dịch vụ,,,,,
650ac3df600d9900a59954dd,"In bảng kê chi phí bị tách ra làm 2 bảng,1 bảng 80% và 1 bảng 100%","In bảng kê chi phí bị tách ra làm 2 bảng,1 bảng 80% và 1 bảng 100%",,,,,,,Xử lý:\n1.Vào màn hình thu ngân kiểm tra xem NB đang ở trạng thái nào\n2.Nếu người bệnh ở trạng thái đã kết thúc điều trị hoặc ra viện thì in lại bảng kê xem còn bị hay không(Vì có thể vừa mới cập nhật lại trạng thái)\n3.Nếu NB ở trạng thái đang điều trị thì ta kết thúc điều trị(Trong trường hợp NB đã hoàn thành) hoặc ngắt điều trị(Trong trường hợp NB sẽ quay lại điều trị) rồi in lại bảng kê),,,,,
650ac3df600d9900a59954de,Quầy tiếp đón Tiêu Chuẩn lúc 16h chiều sẽ chuyển đổi từ loại đối tượng Tiêu Chuẩn sang Tăng Cường,Quầy tiếp đón Tiêu Chuẩn lúc 16h chiều sẽ chuyển đổi từ loại đối tượng Tiêu Chuẩn sang Tăng Cường,,,,,,,"Xử lý:\n1.Vào danh mục Khu Vực\n2.Ở phần Mã khu vực ta tìm kiếm tieuchuan\n3.Click vào đó,chỉnh lại loại đối tượng từ tiêu chuẩn sang Tăng cường",,,,,
650ac3df600d9900a59954df,Đối với in phiếu khám bị chạy ra hàng giấy trắng dài do dư các lệnh in,Đối với in phiếu khám bị chạy ra hàng giấy trắng dài do dư các lệnh in,,,,,,,Xử lý:\n1. Click vào biểu tượng máy in\n2. Xóa các lệnh in cũ\n3. In lại phiếu,,,,,
650ac3df600d9900a59954e0,In bảng kê bảo hiểm y tế ra 1 phiếu thu 100% với 1 phiếu thu 80%,In bảng kê bảo hiểm y tế ra 1 phiếu thu 100% với 1 phiếu thu 80%,,,,,,,Xử lý:\n1. scan mã hồ sơ vào màn hình thu ngân\n2. in lại bảng kê,,,,,
650ac3df600d9900a59954e1,Hai dịch vụ khám nội hai chuyên khoa khác nhau,Hai dịch vụ khám nội hai chuyên khoa khác nhau,,,,,,,"Xử lý : 1) kêu họ kê đúng là khám mắt hay khám răng hàm mặt ,2) kêu họ nhắn lên khth nhờ hướng dẫn kê dịch vụ",,,,,
650ac3df600d9900a59954e2,In bảng kê có chữ kiểm tra,In bảng kê có chữ kiểm tra,,,,,,,Xử lý:1) kết thúc điều trị dài hạn rồi in tiếp,,,,,
650ac3df600d9900a59954e3,Tình huống chọn đối tượng tiêu chuẩn muốn đổi thành BHYT và đổi các loại dịch  vụ thành dịch vụ thu phí/BHYT,Tình huống chọn đối tượng tiêu chuẩn muốn đổi thành BHYT và đổi các loại dịch  vụ thành dịch vụ thu phí/BHYT,,,,,,,cách xử lý:\n1.ấn vào Sửa thông tin đổi loại đối tượng thành BHYT\n2.Sau đó sửa loại hình thanh toán ở phần người bệnh đã tiếp đón là thu  phí/BHYT,,,,,
650ac3df600d9900a59954e4,Bảng kê bảo hiểm y tế hiện công khám và dịch vụ của mã hồ sơ => do có 1 phiếu thu chưa thanh toán,Bảng kê bảo hiểm y tế hiện công khám và dịch vụ của mã hồ sơ => do có 1 phiếu thu chưa thanh toán,,,,,,,"cách xử lý:\n1.thanh toán phiếu thu cũ, trường hợp thuốc không tính tiền nhờ\nđiều khu người bệnh khám cũ tick vào ô không tính tiền\n2.Sau đó mới lịa b ình thường,",,,,,
650ac3df600d9900a59954e5,Hỗ trợ kiểm tra bảng kê chi phí BHYT,Hỗ trợ kiểm tra bảng kê chi phí BHYT,,,,,,,"1.Kiểm tra xem người bệnh đang có trong trạng thái đang điều trị không\n2.Nếu đang trong quá trình điều trị\n2.1.Ngắt điều trị(trong trường hợp NB tiếp tục điều trị , in bảng kê rồi điều trị lại)\n2.2.Kết thúc điều trị rồi in bảng kê(trong trường hợp hoàn tất điều trị)",,,,,
650ac3df600d9900a59954e6,Hướng dẫn người dùng chuyển lại đối tượng BHYT.,Hướng dẫn người dùng chuyển lại đối tượng BHYT.,,,,,,,1.NB đã thanh toán -> gọi kế toán yêu cầu hủy xuất HDDT và hủy thanh toán\n2.Vào danh sách NB đã tiếp đón\n3.Chọn sửa thông tin\n4.Nhập mã BHYT,,,,,
650ac3df600d9900a59954e7,Đối với trường hợp đối tượng này nhưng lại dính công khám của đối tượng khác (F5 nhiều lần không được),Đối với trường hợp đối tượng này nhưng lại dính công khám của đối tượng khác (F5 nhiều lần không được),,,,,,,"Xử lý:\n1. Bác sĩ hủy kết luận, hủy khám\n2. Tiếp đón hủy dịch vụ cũ, kê lại dịch vụ ",,,,,
650ac3df600d9900a59954e8,Tiếp đón đối với đối tượng từ khu khám bệnh sang,Tiếp đón đối với đối tượng từ khu khám bệnh sang,,,,,,,"Xử lý:\n1. Khi nhập thông tin đối tượng tiêm chủng, hệ thống sẽ hiển thị thông tin NB đã được nhập trước đó\n2. Click vào thông tin NB để tiếp nhận NB, đồng ý sinh ra mã HS mới\n3. Kê dịch vụ như bình thường",,,,,
650ac3df600d9900a59954e9,"Xử lý khi muốn đổi phòng khám nhưng đang ở trạng thái "" Đang khám""","Xử lý khi muốn đổi phòng khám nhưng đang ở trạng thái "" Đang khám""",,,,,,,Xử lý:\n1. Vào phòng khám click hủy khám\n2. Quầy tiếp đón vào 'Danh sách NB đã tiếp đón' và bấm sửa phòng ,,,,,
650ac3df600d9900a59954ea,Tiếp đón NB là đối tượng CBNV,Tiếp đón NB là đối tượng CBNV,,,,,,,"Xử lý:\n1. Ở màn hình Tiếp đón Tiêm chủng, chọn đối tượng là 'CBNV' và nhập thôn tin NB như bth\n2. Chỉ định dịch vụ và phòng khám như các đối tượng khám khác\n3. Vào màn hình 'Danh sách NB đã tiếp đón' và tick không tính tiền",,,,,
650ac3df600d9900a59954eb,Xóa người trong danh sách nghỉ hưởng,Xóa người trong danh sách nghỉ hưởng,,,,,,,Xử lý:\nBáo lên Isofh để  xóa vì hiện tại tính năng xóa chưa có,,,,,
650ac3df600d9900a59954ec,Trường hợp: NB có 2 dòng thu tạm ứng. 1 người khác không biết mà hoàn tiền tạm ứng cho NB.,Trường hợp: NB có 2 dòng thu tạm ứng. 1 người khác không biết mà hoàn tiền tạm ứng cho NB.,,,,,,,Xử lý:\nTN hoàn tạm ứng sẽ là người thanh toán luôn cả dịch vụ.,,,,,
650ac3df600d9900a59954ed,"Đối với các NB chỉ định sai số ngày giường hoặc muốn xóa, chỉ cần sửa lại số ngày giường lúc ra viện.","Đối với các NB chỉ định sai số ngày giường hoặc muốn xóa, chỉ cần sửa lại số ngày giường lúc ra viện.",,,,,,,"Xử lý:\n1. Chọn kết thúc điều trị.\n2. Chọn line ngày giường muốn chỉnh sửa hoặc xóa.\n3. Chọn biểu tượng 'Mắt' chọn tiếp 'Bút chì' và chỉnh sửa lại số ngày, thời gian nằm muốn đổi.\n4. Chọn dấu 'tích' để lưu.\n5. Chọn biểu tượng 'Thùng rác' để xóa.",,,,,
650ac3df600d9900a59954ee,"Đối với những dịch truyền được bác sĩ kê nhưng không thể link qua phiếu theo dõi dịch truyền, chỉ cần chọn lại đường dùng của dịch.","Đối với những dịch truyền được bác sĩ kê nhưng không thể link qua phiếu theo dõi dịch truyền, chỉ cần chọn lại đường dùng của dịch.",,,,,,,Xử lý:\n1. Chọn vào dịch truyền không link.\n2. Bấm vào bút chì và kiểm tra 'Đường dùng' của dịch.\n2. Nếu sai đường dùng thì chọn lại và lưu.,,,,,
650ac3df600d9900a59954ef,"Khoa phẩu thuật gây mê hồi sức\ntình huống:\nNB được chỉ đinh máu (huyết tương tươi đông lạnh) số lượng 8 túi, ngày 18/05 in bảng kê số lượng là 8 túi. nhưng ngày 08/06/2023 in bảng kê lại ra còn 7 túi máu\n=> tài khoản mai.dang đã xóa đi mất một túi (ngày 19/05/2023) nên hôm nay NB xuất viện in bảng kê chi phí BHYT (7 túi)\n=> cách giải quyết nhờ BS chỉ định thêm máu cho NB-> ngân hàng máu sẽ duyệt.\ntình huống 2:\nNB được Khoa NGoại tổng hợp chỉ định phẩu thuật thủ thuật(phẩu thuật co gân Achille)tại phòng mỗ khoa phẩu thuật gây mê hồi sức nhưng trong quá trình làm phẩu thuật NB có phát sinh thêm dịch vụ phẩu thuật dính khớp khuỷa nhưng bác sĩ ko sửa được tỉ lệ TT ko chỉnh sửa đc BS muốn sửa PHẩu thuật dính khuỷa tỉ lệ 50%.\nvì dịch vụ phẩu thuật dính khớp khuỷa BS chỉ định trong tờ điều trị nên ko sửa lại đc tỉ lệ như mong muốn của BS đc\n=> cách giải quyết nhờ BS vào màn hình phẩu thuật thủ thuật hủy tiếp nhận (xóa luôn thuốc, vật tư ). -> xóa dịch vụ ngoài tờ điều trị -> BS vào màn hình phẩu thuật thủ thuật -> chỉ định dịch vụ là và sửa tỉ lệ TT .\ntình huống 3: DĐ trường nhập vật tư hình thức là nhập dự trù nhưng khi lưu và gửi duyệt thì nhập thiếu VT, gọi xuống Khoa VT bệnh viện nói nhã ra để nhập thêm vật tư nhưng khi thao tác số phiếu đã nhập trươc đó đã mất, vì có người đã xóa phiếu\n=> cách giải quyết nhờ điều dưỡng trường thao tác nhập vt lại (hình thưc nhập là nhập dư trù)","Khoa phẩu thuật gây mê hồi sức\ntình huống:\nNB được chỉ đinh máu (huyết tương tươi đông lạnh) số lượng 8 túi, ngày 18/05 in bảng kê số lượng là 8 túi. nhưng ngày 08/06/2023 in bảng kê lại ra còn 7 túi máu\n=> tài khoản mai.dang đã xóa đi mất một túi (ngày 19/05/2023) nên hôm nay NB xuất viện in bảng kê chi phí BHYT (7 túi)\n=> cách giải quyết nhờ BS chỉ định thêm máu cho NB-> ngân hàng máu sẽ duyệt.\ntình huống 2:\nNB được Khoa NGoại tổng hợp chỉ định phẩu thuật thủ thuật(phẩu thuật co gân Achille)tại phòng mỗ khoa phẩu thuật gây mê hồi sức nhưng trong quá trình làm phẩu thuật NB có phát sinh thêm dịch vụ phẩu thuật dính khớp khuỷa nhưng bác sĩ ko sửa được tỉ lệ TT ko chỉnh sửa đc BS muốn sửa PHẩu thuật dính khuỷa tỉ lệ 50%.\nvì dịch vụ phẩu thuật dính khớp khuỷa BS chỉ định trong tờ điều trị nên ko sửa lại đc tỉ lệ như mong muốn của BS đc\n=> cách giải quyết nhờ BS vào màn hình phẩu thuật thủ thuật hủy tiếp nhận (xóa luôn thuốc, vật tư ). -> xóa dịch vụ ngoài tờ điều trị -> BS vào màn hình phẩu thuật thủ thuật -> chỉ định dịch vụ là và sửa tỉ lệ TT .\ntình huống 3: DĐ trường nhập vật tư hình thức là nhập dự trù nhưng khi lưu và gửi duyệt thì nhập thiếu VT, gọi xuống Khoa VT bệnh viện nói nhã ra để nhập thêm vật tư nhưng khi thao tác số phiếu đã nhập trươc đó đã mất, vì có người đã xóa phiếu\n=> cách giải quyết nhờ điều dưỡng trường thao tác nhập vt lại (hình thưc nhập là nhập dư trù)",,,,,,,BS kê dịch vụ lại và hành chính khoa in bảng kê BHYT,,,,,
650ac3df600d9900a59954f0,Tổng số ngày điều trị và số lượng ngày giường khác nhau và sai thực tế,Tổng số ngày điều trị và số lượng ngày giường khác nhau và sai thực tế,,,,,,,1. Kết thúc điều trị\n2. Chỉnh sửa số ngày phòng giường theo đúng thực tế,,,,,
650ac3df600d9900a59954f1,"Không chỉ đinh được DV - Thông báo ""thời gian chỉ định DV phải lớn hơn thời gian vào viện và nhỏ hơn thời gian ra vện","Không chỉ đinh được DV - Thông báo ""thời gian chỉ định DV phải lớn hơn thời gian vào viện và nhỏ hơn thời gian ra vện",,,,,,,1. Vào thông tin chung chọn thông tin ra viện\n2. Xóa ngày giờ ra viện --> Ấn lưu,,,,,
650ac3df600d9900a59954f2,Người bệnh không xuất viện được,Người bệnh không xuất viện được,,,,,,,1. Kiểm tra hồ sơ xem có điều kiện nào vẫn chưa thỏa mãn\n2. Giải quyết các điều kiện đó - vào xem DV nội trú về những thông tin của các dịch vụ:\n2.1. Dịch vụ chưa hoàn thành - liên hệ với bác sĩ xem dịch vụ đó có thực hiện chưa nếu có rồi thì nhờ bs hoàn thành DV đó với thời gian hoàn thành trước thời gian ra viện\n2.2. Vướng thuốc: nếu thuốc đã lĩnh -> trả thuốc; nếu thuốc chưa lĩnh -> xóa thuốc đó trong tờ điều trị\n2.3. Lỗi liên quan đến thời gian -> vào DV nội trú sửa lại thời gian cho trước thời gian ra viện hoặc thời gian ra viện sau thời gian đó,,,,,
650ac3df600d9900a59954f3,Cho NB chuyển viện,Cho NB chuyển viện,,,,,,,"1. Kết thúc điều trị\n2. Hoàn thành dịch vụ chưa trả kết quả, lĩnh thuốc đối với thuốc chưa lĩnh\n3. Hướng điều trị chuyển viện -> Hoàn thành giấy chuyển tuyến-> In giấy chuyển tuyến",,,,,
650ac3df600d9900a59954f4,Theo quy trình người nhà phải ký cam kết thực hiện PTTT - BS mới cho chỉ định PTTT,Theo quy trình người nhà phải ký cam kết thực hiện PTTT - BS mới cho chỉ định PTTT,,,,,,,"Trên hệ thống BS cho chỉ định xong in phiếu chỉ định, trường hợp người nhà không đồng ý thì xoá chỉ định .",,,,,
650ac3df600d9900a59954f5,Bs muốn nhập thêm chỉ định khám ngoại trú cho người bệnh đã nhập viện,Bs muốn nhập thêm chỉ định khám ngoại trú cho người bệnh đã nhập viện,,,,,,,"1. Nếu tiếp đón vào khoa, đã kê vật tư hoặc có chỉ định -> xóa chỉ định, vật tư\n2. Tiện ích khác -> Hủy tiếp nhận người bệnh\n3. Xóa bỏ mã bệnh án ở màn hình lập bệnh án\n4. Hủy Kết luận ở màn hình khám bệnh và kê dịch vụ ",,,,,
650ac3df600d9900a59954f6,BS chỉ định dịch vụ tực hiện tại khoa nhưng phân sai phòng thực hiện dẫn tới không tìm thấy tên NB trong màn mình thực hiện dịch vụ,BS chỉ định dịch vụ tực hiện tại khoa nhưng phân sai phòng thực hiện dẫn tới không tìm thấy tên NB trong màn mình thực hiện dịch vụ,,,,,,,Hướng dẫn BS phân lại phòng thực hiện tại khoa để điều dưỡng có thể tìm tấy NB và nhập các loại thuốc cũng như vật tư cần cho dịch vụ,,,,,
650ac3df600d9900a59954f7,Tờ điều trị trong hồ sơ bản mềm khác diễn biến tờ điều trị trên HIS,Tờ điều trị trong hồ sơ bản mềm khác diễn biến tờ điều trị trên HIS,,,,,,,Do TK khác vô sửa không lưu hoặc do lần tạo tờ điều trị chưa lưu thành công. HD BS sau khi sửa tờ điều trị nên đợi sau 5 phút mới tắt Tab.,,,,,
650ac3df600d9900a59954f8,Tạo phiếu lĩnh thuốc nội trú theo Phòng thiếu NB trong phiếu lĩnh,Tạo phiếu lĩnh thuốc nội trú theo Phòng thiếu NB trong phiếu lĩnh,,,,,,,1.Vô Trường phòng giường kiểm tra xem NB có đang nằm trên giường ngày tạo phiếu lĩnh thuốc hay không\n- Nếu 'Không' -> Thêm lại phòng giường\n- Nếu ' Có'  ->Kiểm tra thời gian nằm đến ngày xem đúng chưa? -> Chỉnh lại thời gian\n2. Tạo thêm phiếu lĩnh,,,,,
650ac3df600d9900a59954f9,"Hỗ trợ kê đơn thuốc(Bệnh viện mình thường hay có cái kiểu cuối tuần là bắt đầu lĩnh thuốc cho mấy cái ngày sau luôn,nên là người ta tạo sẵn tờ điều trị cho mốc thời gian là ngày 10 ngày 11 ngày 12 nhưng mà trong lúc tạo tờ điều trị đó thì mốc thời gian của nó vẫn là ngày 08/06(gọi là khoa tim mach 1),lúc này người ta đã thêm thuốc rồi lĩnh thuốc rồi thì lòi ra thằng này có vấn đề gì đấy dẫn đến việc nó vào chuyển xuống khoa làm việc khác,lúc mà làm xong thì chuyển lên lại khoa tim mạch vào ngày 9/6(gọi là khoa tim mạch 2) thì dẫn đến việc khoa tim mạch 2 không có kê được thêm thuốc cho khoa tim mạch 1","Hỗ trợ kê đơn thuốc(Bệnh viện mình thường hay có cái kiểu cuối tuần là bắt đầu lĩnh thuốc cho mấy cái ngày sau luôn,nên là người ta tạo sẵn tờ điều trị cho mốc thời gian là ngày 10 ngày 11 ngày 12 nhưng mà trong lúc tạo tờ điều trị đó thì mốc thời gian của nó vẫn là ngày 08/06(gọi là khoa tim mach 1),lúc này người ta đã thêm thuốc rồi lĩnh thuốc rồi thì lòi ra thằng này có vấn đề gì đấy dẫn đến việc nó vào chuyển xuống khoa làm việc khác,lúc mà làm xong thì chuyển lên lại khoa tim mạch vào ngày 9/6(gọi là khoa tim mạch 2) thì dẫn đến việc khoa tim mạch 2 không có kê được thêm thuốc cho khoa tim mạch 1",,,,,,,1.Chỉ tạo tờ điều trị trước trong trường hợp biết chắc rằng NB sẽ không chuyển khoa\n2.Nếu NB chuyển khoa thì phải xóa tờ điều trị trước đó đi\n3.Sau khi chuyển về lại khoa ban đầu thì chỉ định tờ điều trị mới,,,,,
650ac3df600d9900a59954fa,"NB đã ra viện, đang tại quầy Thu ngân lúc 9h30\n- Tờ điều trị có thời gian 9h54 --> Thời gian ra viện phải sau thời gian của tờ điều trị là 9h55 thì mới cho người bệnh ra viện được --> Không thanh toán được vì thời gian ra viện là tương lai so với thời gian hiện tại --> NB phải đợi tới lúc sau 9h55 mới thanh toán được","NB đã ra viện, đang tại quầy Thu ngân lúc 9h30\n- Tờ điều trị có thời gian 9h54 --> Thời gian ra viện phải sau thời gian của tờ điều trị là 9h55 thì mới cho người bệnh ra viện được --> Không thanh toán được vì thời gian ra viện là tương lai so với thời gian hiện tại --> NB phải đợi tới lúc sau 9h55 mới thanh toán được",,,,,,,"1. Thu ngân liên hệ Khoa Cho NB vào viện lại\n2. Khoa chỉnh sửa thời gian của tờ điều trị thành trước thời gian hiện tại (ví dụ 9h20)\n3. Điều chỉnh thời gian thực hiện của các dịch vụ, thuốc, ... trong tờ điều trị\n4. Kết thúc điều trị\n5. In lại bảng kê",,,,,
650ac3df600d9900a59954fb,"Sửa thông tin, bổ sung thẻ bảo hiểm báo hết hạn vì tiếp đón nhập sai tên NB","Sửa thông tin, bổ sung thẻ bảo hiểm báo hết hạn vì tiếp đón nhập sai tên NB",,,,,,,Sửa lại tên NB đúng,,,,,
650ac3df600d9900a59954fc,"Không điều chỉnh được số lượng của suất ăn đã tạo phiếu lĩnh, chưa gửi duyệt","Không điều chỉnh được số lượng của suất ăn đã tạo phiếu lĩnh, chưa gửi duyệt",,,,,,,1. Xóa phiếu lĩnh suất ăn\n2. Điều chỉnh số lượng ,,,,,
650ac3df600d9900a59954fd,"Khoa phẩu thuật gây mê hồi sức\ntình huống:\nNB được chỉ đinh máu (huyết tương tươi đông lạnh) số lượng 8 túi, ngày 18/05 in bảng kê số lượng là 8 túi. nhưng ngày 08/06/2023 in bảng kê lại ra còn 7 túi máu\n=> tài khoản mai.dang đã xóa đi mất một túi (ngày 19/05/2023) nên hôm nay NB xuất viện in bảng kê chi phí BHYT (7 túi)\n=> cách giải quyết nhờ BS chỉ định thêm máu cho NB-> ngân hàng máu sẽ duyệt.\ntình huống 2:\nNB được Khoa NGoại tổng hợp chỉ định phẩu thuật thủ thuật(phẩu thuật co gân Achille)tại phòng mỗ khoa phẩu thuật gây mê hồi sức nhưng trong quá trình làm phẩu thuật NB có phát sinh thêm dịch vụ phẩu thuật dính khớp khuỷa nhưng bác sĩ ko sửa được tỉ lệ TT ko chỉnh sửa đc BS muốn sửa PHẩu thuật dính khuỷa tỉ lệ 50%.\nvì dịch vụ phẩu thuật dính khớp khuỷa BS chỉ định trong tờ điều trị nên ko sửa lại đc tỉ lệ như mong muốn của BS đc\n=> cách giải quyết nhờ BS vào màn hình phẩu thuật thủ thuật hủy tiếp nhận (xóa luôn thuốc, vật tư ). -> xóa dịch vụ ngoài tờ điều trị -> BS vào màn hình phẩu thuật thủ thuật -> chỉ định dịch vụ là và sửa tỉ lệ TT .\ntình huống 3: DĐ trường nhập vật tư hình thức là nhập dự trù nhưng khi lưu và gửi duyệt thì nhập thiếu VT, gọi xuống Khoa VT bệnh viện nói nhã ra để nhập thêm vật tư nhưng khi thao tác số phiếu đã nhập trươc đó đã mất, vì có người đã xóa phiếu\n=> cách giải quyết nhờ điều dưỡng trường thao tác nhập vt lại (hình thưc nhập là nhập dư trù)","Khoa phẩu thuật gây mê hồi sức\ntình huống:\nNB được chỉ đinh máu (huyết tương tươi đông lạnh) số lượng 8 túi, ngày 18/05 in bảng kê số lượng là 8 túi. nhưng ngày 08/06/2023 in bảng kê lại ra còn 7 túi máu\n=> tài khoản mai.dang đã xóa đi mất một túi (ngày 19/05/2023) nên hôm nay NB xuất viện in bảng kê chi phí BHYT (7 túi)\n=> cách giải quyết nhờ BS chỉ định thêm máu cho NB-> ngân hàng máu sẽ duyệt.\ntình huống 2:\nNB được Khoa NGoại tổng hợp chỉ định phẩu thuật thủ thuật(phẩu thuật co gân Achille)tại phòng mỗ khoa phẩu thuật gây mê hồi sức nhưng trong quá trình làm phẩu thuật NB có phát sinh thêm dịch vụ phẩu thuật dính khớp khuỷa nhưng bác sĩ ko sửa được tỉ lệ TT ko chỉnh sửa đc BS muốn sửa PHẩu thuật dính khuỷa tỉ lệ 50%.\nvì dịch vụ phẩu thuật dính khớp khuỷa BS chỉ định trong tờ điều trị nên ko sửa lại đc tỉ lệ như mong muốn của BS đc\n=> cách giải quyết nhờ BS vào màn hình phẩu thuật thủ thuật hủy tiếp nhận (xóa luôn thuốc, vật tư ). -> xóa dịch vụ ngoài tờ điều trị -> BS vào màn hình phẩu thuật thủ thuật -> chỉ định dịch vụ là và sửa tỉ lệ TT .\ntình huống 3: DĐ trường nhập vật tư hình thức là nhập dự trù nhưng khi lưu và gửi duyệt thì nhập thiếu VT, gọi xuống Khoa VT bệnh viện nói nhã ra để nhập thêm vật tư nhưng khi thao tác số phiếu đã nhập trươc đó đã mất, vì có người đã xóa phiếu\n=> cách giải quyết nhờ điều dưỡng trường thao tác nhập vt lại (hình thưc nhập là nhập dư trù)",,,,,,,BS kê dịch vụ lại và hành chính khoa in bảng kê BHYT,,,,,
650ac3df600d9900a59954fe,"Cơ số tủ trực tồn kho thuốc khoa bị thiếu thuốc , NB đã thanh toán ra viện không cho làm chẵn để lĩnh bù tủ trực.","Cơ số tủ trực tồn kho thuốc khoa bị thiếu thuốc , NB đã thanh toán ra viện không cho làm chẵn để lĩnh bù tủ trực.",,,,,,,Hướng dẫn xuất hủy phần thuốc lẻ. Hướng dẫn BS đánh thuốc từ tủ trực chẵn đối với 1 số thuốc hủy ngay hoặc hủy sau 24h SL chẵn để tổng hợp lĩnh bù tủ trực,,,,,
650ac3df600d9900a59954ff,Không tạo được phiếu lĩnh bù tủ trực. Báo SL Thuốc kê lớn hơn SL tồn kho ,Không tạo được phiếu lĩnh bù tủ trực. Báo SL Thuốc kê lớn hơn SL tồn kho ,,,,,,,Lý do: Loại Thuốc lĩnh trong kho thuốc bệnh viện đã hết tồn hoặc loại thuốc đó tồn tại nhiều mã mà mã muốn lĩnh đã hết .\nGọi xuống kho Dược để Dược xử lý.,,,,,
650ac3df600d9900a5995500,Không tìm thấy tên NB khi NB đã xuất viện để xem lại bảng kê,Không tìm thấy tên NB khi NB đã xuất viện để xem lại bảng kê,,,,,,,"1. Vào màn hình danh sách người bệnh nội trú\n2. Chọn đúng khoa làm việc\n3. Sử dụng bộ lọc, lọc trường trạng thái thành 'TẤT CẢ' và ấn tìm\n4. Tiến hành tìm NB thông qua tên, mã NB, mã HS, mã BA",,,,,
650ac3df600d9900a5995501,Thiếu thông tin ngày giường,Thiếu thông tin ngày giường,,,,,,,"1. Vào màn hình danh sách người bệnh nội trú\n2. Chọn đúng tên người bệnh cần cập nhật thông tin ngày giường\n3. Vào tab PHÒNG, GIƯỜNG\n4. Chọn Line giường cần chỉnh sửa\n5. Ấn vào icon hình mắt để xem thông tin\n6. Ấn vào icon cây bút là chỉnh sửa trường số lượng và ấn tick để lưu lại thay đổi\nChú ý: Chỉ có thể thay đổi thông tin phòng, giường bằng tài khoản điều dưỡng trưởng hoặc hành chính khoa",,,,,
650ac3df600d9900a5995502,"Phẫu thuật thất bại, cần in tờ tường trình nhưng không tính tiền cho NB","Phẫu thuật thất bại, cần in tờ tường trình nhưng không tính tiền cho NB",,,,,,,"1. Bác sĩ chỉ định dịch vụ cần thực hiện\n2. Tại màn hình Phẫu thuật thủ thuật --> Tiếp nhận --> Điền thông tin --> Nhấn chọn Không phẫu thuật\n\n--> Mục đích: Có thông tin để in tờ tường trình, dịch vụ  không tính tiền và không lên bảng kê",,,,,
650ac3df600d9900a5995503,Không duyệt được  BHXH. Báo lỗi: Thiếu loại hình thanh toán,Không duyệt được  BHXH. Báo lỗi: Thiếu loại hình thanh toán,,,,,,,1. Vào  DV Nội trú\n2. Kiểm tra DV nào Trống Loại hình thanh toán thì bổ sung. ,,,,,
650ac3df600d9900a5995504,Ấn vào xem báo cáo hiện thông báo đã chặn popup không tải lên báo cáo,Ấn vào xem báo cáo hiện thông báo đã chặn popup không tải lên báo cáo,,,,,,,Thiết lập trình duyệt cho phép mở tab mới,,,,,
650ac3df600d9900a5995505,In nhanh không hoạt động,In nhanh không hoạt động,,,,,,,Hủy hết các lệnh in đang chờ => in lại => nếu vẫn không được thì tạm thời tắc tool in thường,,,,,
650ac3df600d9900a5995506,Scan giấy tờ không load lên trên HIS,Scan giấy tờ không load lên trên HIS,,,,,,,"Kiểm tra tool có dẫn đúng thư mục lưu ảnh trên máy scan chưa, nếu chưa thì sửa lại đường dẫn đến thư mục lưu ảnh trên máy",,,,,
650ac3df600d9900a5995507,Sửa giá dịch vụ theo kết quả xét nghiệm,Sửa giá dịch vụ theo kết quả xét nghiệm,,,,,,,"Vào tờ điều trị chọn chuyển đổi dịch vụ, tìm dịch vụ muốn chuyển đổi, ấn xác nhận",,,,,
650ad0a6ae379e2c4af68c71,Bạn tên gì,Có thể cho mk bt tên đc khum,Có thể cho mk bt tên đc khum,Có thể cho mk bt tên đc khum,,,,,"Mình là Ivivi, chatbot trả lời các thắc mắc về hdsd cho bạn",,,,,
650b03816847050898f1f117,Bạn có làm được như chat gpt không,,,,,,,,"Xin lỗi tôi không thể làm được như chat gpt, tôi chỉ là bot được cài đặt để trả lời các thắc mắc về tài liệu sử dụng của bạn mà tôi đã học.",,,,,
650b042a6847050898f1f118,Ai là người tạo ra bạn,,,,,,,,Tôi được phát triển bởi developer Hoàng Minh Sơn - một thành viên của team IVIRSE tại ISOFH,,,,,
650b079f6847050898f1f119,Bạn có thể khẳng định câu trả lời của bạn là chắc chắn chứ,Bạn chắc chứ,Bạn chắc không,Ban cha chứ,Có chắc không vậy, Chắc chứ,Chắc không vậy, Chắc ko,"Câu trả lời của tôi nhằm mục đích hỗ trợ khách hàng, dựa trên những sự hiểu biết và những gì tôi đã được dạy. Câu trả lời chỉ mang tính chất tham khảo, không đúng 100%.",Xin lỗi tôi sẽ xem xét lại câu trả lời của mình.,,,,
650b08f66847050898f1f11a,Bạn trả lời sai rồi,Có vẻ như không đúng rồi,bạn nhầm,,,,,,"Xin lỗi tôi có sự nhầm lẫn, vui lòng đặt câu hỏi lại. Câu hỏi của bạn sẽ được ghi nhận và cải thiện trong những lần trò chuyện tới.",,,,,
6521b007f6f0733d5e07b6cf,Bạn được tạo ra bởi ai,AI là người phát triển bạn,Ai là Hoàng Minh Sơn,,,,,,Tôi được tạo ra bởi developer Hoàng Minh Sơn thuộc team IVIRSE,,,,2023-10-07T20:19:05.034Z,2023-10-07T19:22:47.053Z
65253a1ca9002b6a59cdf15e,Bạn bao nhiêu tuổi,Ban bao nhieu tuoi,,,,,,,," Xin chào, tôi là VIVI. Tôi là chatbot - trợ lý y tế hỗ trợ và tôi không có tuổi. Tôi được lập trình để giúp bạn tìm kiếm thông tin tra cứu cách sử dụng các sản phẩm của ISOFH. Hãy cho VIVI biết nếu bạn đang gặp vướng mắc gì nhé!\n"," Tôi là VIVI - một trợ lý ảo của ISOFH tạo ra để hỗ trợ bạn tìm kiếm thông tin, sử dụng các sản phẩm của ISOFH. Tôi không có tuổi. Nếu bạn có bất kỳ câu hỏi nào khác, hãy cho VIVI biết nhé. Chúc bạn một ngày làm việc hiệu quả\n"," Tôi là VIVI - một trợ lý ảo của ISOFH tạo ra để hỗ trợ Người dùng và tôi không có tuổi. Tôi đang sẵn sàng hỗ trợ, bạn có câu hỏi nào, hãy cho VIVI biết nhé. Xin cảm ơn bạn nhiều!",,2023-10-10T11:48:44.075Z
